X,Y,Name,description
2.3822625,48.8735287,Combat,
2.3658365,48.8640676,Bisou.,
2.3759872,48.854815,Fréquence,
2.3734617,48.8627195,Dirty Lemon,
2.35072,48.8752266,Divine,
